id,name,username,age,email,password
1,George,george,28,george@george.com,george123
2,Paul,paul,27,paul@paul.com,paul123
3,Ringo,ringo,29,ringo@ringo.com,ringo123
4,John,john,22,john@john.com,john123
5,Mick,mick,32,mick@mick.com,mick123
6,Christine,christine,31,christine@christine.com,christine123
7,Stevie,stevie,34,stevie@stevie.com,stevie123
8,Lindsey,lindsey,29,lindsey@lindsey.com,lindsey123
9,Agnetha,agnetha,37,agnetha@agnetha.com,agnetha123
10,Annifrid,annifrid,32,annifrid@annifrid.com,annifrid123
11,Bjorn,bjorn,28,bjorn@bjorn.com,bjorn123
12,Benny,benny,23,benny@benny.com,benny123